,City,Lat,Lng,Max Temp,Min Temp,Humidity,Cloudiness,Wind Speed,Country,Date
0,Punta Arenas,-53.15,-70.9167,48.2,48.0,71,0,8.05,CL,1617210378
1,Port-Gentil,-0.7193,8.7815,80.6,80.6,83,40,8.05,GA,1617210142
2,Bluff,-46.6,168.3333,39.99,39.99,92,16,1.01,NZ,1617210430
3,Tuktoyaktuk,69.4541,-133.0374,-20.2,-20.2,76,75,18.41,CA,1617210431
4,Asău,46.4333,26.4,55.4,55.0,35,75,3.44,RO,1617210431
5,Ushuaia,-54.8,-68.3,48.2,48.2,53,0,1.14,AR,1617210432
6,Mar del Plata,-38.0023,-57.5575,68.0,68.0,77,40,11.5,AR,1617210206
7,Lebu,-37.6167,-73.65,61.59,61.59,78,100,15.43,CL,1617210433
8,Yar-Sale,66.8333,70.8333,9.9,9.9,92,100,21.88,RU,1617210433
9,Marsá Maţrūḩ,31.3525,27.2453,60.8,60.8,48,20,10.36,EG,1617210426
10,Angarsk,52.5367,103.8864,26.6,26.6,59,0,4.47,RU,1617210434
11,Kieta,-6.2167,155.6333,77.94,77.94,84,35,2.62,PG,1617210435
12,Hilo,19.7297,-155.09,69.8,62.01,78,90,8.05,US,1617210241
13,Iqaluit,63.7506,-68.5145,-4.0,-4.0,71,90,10.36,CA,1617210435
14,Alofi,-19.0595,-169.9187,78.8,78.8,89,5,8.05,NU,1617210436
15,Jamestown,42.097,-79.2353,43.0,42.01,87,90,21.85,US,1617210239
16,Laguna,38.421,-121.4238,64.0,61.0,25,1,5.75,US,1617210437
17,Tubmanburg,6.8708,-10.8172,87.08,87.08,60,75,5.77,LR,1617210437
18,Road Town,18.4167,-64.6167,82.4,80.01,69,75,13.8,VG,1617210383
19,Mataura,-46.1927,168.8643,39.99,39.99,92,10,1.01,NZ,1617210438
20,Amboasary,-25.0333,46.3833,75.2,75.2,69,75,6.91,MG,1617210438
21,Bonavista,48.6499,-53.1147,39.2,33.01,35,29,3.44,CA,1617210455
22,Busselton,-33.65,115.3333,64.99,64.99,92,100,7.76,AU,1617210455
23,Airai,-8.9266,125.4092,59.4,59.4,95,99,1.7,TL,1617210456
24,Grindavik,63.8424,-22.4338,42.8,42.8,70,75,24.16,IS,1617210456
25,Chachapoyas,-6.2317,-77.869,65.79,65.79,64,94,2.73,PE,1617210457
26,Vaini,-21.2,-175.2,77.0,77.0,94,40,5.75,TO,1617210457
27,Puerto Ayora,-0.7393,-90.3518,80.6,80.01,78,40,11.5,EC,1617210458
28,Khadyzhensk,44.4256,39.5319,46.99,46.99,84,74,4.14,RU,1617210458
29,Pinheiro,-2.5214,-45.0825,83.14,83.14,82,100,3.38,BR,1617210459
30,Kade,52.3833,12.2667,68.0,68.0,35,13,2.39,DE,1617210459
31,George Town,5.4112,100.3354,82.4,80.01,83,20,3.85,MY,1617210460
32,Anzhero-Sudzhensk,56.081,86.0285,24.8,24.8,74,75,6.71,RU,1617210461
33,Port Alfred,-33.5906,26.891,67.03,67.03,86,26,10.87,ZA,1617210461
34,Hobart,-42.8794,147.3294,66.2,61.0,59,75,8.05,AU,1617210336
35,Rio Branco,-9.9747,-67.81,84.2,84.2,70,40,2.3,BR,1617210426
36,Ponta do Sol,32.6667,-17.1,60.01,54.0,73,65,3.0,PT,1617210462
37,Albany,42.6001,-73.9662,60.01,59.0,57,100,5.01,US,1617210463
38,San Miguel de Tucumán,-26.8241,-65.2226,73.4,73.4,68,75,2.75,AR,1617210463
39,Andros Town,24.7,-77.7667,84.2,84.2,54,20,17.27,BS,1617210464
40,Sitka,57.0531,-135.33,37.4,37.4,87,90,9.22,US,1617210464
41,Ardeşen,41.1911,40.9875,50.0,50.0,76,75,1.14,TR,1617210465
42,Ribeira Grande,38.5167,-28.7,60.8,60.8,72,20,18.41,PT,1617210465
43,Torbay,47.6666,-52.7314,34.0,32.0,69,40,14.97,CA,1617210203
44,Quelimane,-17.8786,36.8883,71.55,71.55,71,3,4.9,MZ,1617210466
45,Camopi,3.1655,-52.3158,81.97,81.97,77,91,4.9,GF,1617210466
46,Avera,33.194,-82.5271,78.8,75.99,69,75,12.66,US,1617210467
47,Atuona,-9.8,-139.0333,80.17,80.17,75,54,10.25,PF,1617210467
48,Los Llanos de Aridane,28.6585,-17.9182,71.6,62.01,46,20,17.27,ES,1617210468
49,Sinnamary,5.3833,-52.95,82.06,82.06,72,99,11.77,GF,1617210468
50,Mackay,-21.15,149.2,75.2,71.01,78,40,21.85,AU,1617210469
51,Weligama,5.9667,80.4167,78.94,78.94,87,97,6.02,LK,1617210470
52,Isangel,-19.55,169.2667,77.65,77.65,90,100,10.0,VU,1617210470
53,Norman Wells,65.282,-126.8329,3.2,3.2,78,75,2.3,CA,1617210471
54,Butaritari,3.0707,172.7902,80.6,80.6,83,90,12.71,KI,1617210471
55,Qaanaaq,77.484,-69.3632,10.17,10.17,92,100,18.75,GL,1617210472
56,Saint-Marc-des-Carrieres,46.6834,-72.0491,51.8,51.01,50,100,3.44,CA,1617210472
57,Cape Town,-33.9258,18.4232,68.0,62.01,88,75,4.61,ZA,1617210473
58,Marystown,47.1666,-55.1483,32.68,32.68,51,2,3.94,CA,1617210390
59,Boa Vista,2.8197,-60.6733,91.4,91.4,46,40,12.66,BR,1617210474
60,Yonibana,8.4447,-12.245,84.69,84.69,58,48,7.96,SL,1617210474
61,Hamilton,39.1834,-84.5333,51.01,48.0,49,40,12.66,US,1617210307
62,Harsīn,34.2721,47.5861,60.8,60.8,44,90,6.91,IR,1617210475
63,Meulaboh,4.1363,96.1285,74.48,74.48,92,100,3.83,ID,1617210475
64,Hong Kong,22.2855,114.1577,79.0,66.99,84,72,1.01,HK,1617210252
65,Tual,-5.6667,132.75,82.42,82.42,77,99,6.78,ID,1617210476
66,Creemore,44.327,-80.1075,44.01,41.0,75,80,13.8,CA,1617210477
67,Souillac,-20.5167,57.5167,80.6,80.6,83,20,6.22,MU,1617210477
68,Bayevo,53.2833,80.7667,8.51,8.51,99,57,5.75,RU,1617210478
69,Rikitea,-23.1203,-134.9692,79.38,79.38,69,55,19.35,PF,1617210478
70,Tingo María,-9.2895,-76.0088,73.4,73.4,94,90,3.44,PE,1617210479
71,Hithadhoo,-0.6,73.0833,83.86,83.86,76,5,19.33,MV,1617210479
72,Egvekinot,66.3167,-179.1667,-13.99,-13.99,92,29,6.58,RU,1617210480
73,Nikolskoye,59.7035,30.7861,39.2,35.01,81,20,13.42,RU,1617210480
74,San Isidro,-12.1167,-77.05,75.2,73.99,64,0,8.05,PE,1617210481
75,Tiksi,71.6872,128.8694,1.06,1.06,98,100,10.31,RU,1617210481
76,Bredasdorp,-34.5322,20.0403,64.4,64.4,72,98,10.36,ZA,1617210482
77,Kumul,42.8,93.45,45.77,45.77,32,67,9.82,CN,1617210482
78,Cidreira,-30.1811,-50.2056,73.76,73.76,56,7,14.81,BR,1617210483
79,Tasiilaq,65.6145,-37.6368,32.0,32.0,93,75,10.36,GL,1617210192
80,Okitipupa,6.5047,4.7839,85.78,85.78,65,97,8.37,NG,1617210483
81,Cherskiy,68.75,161.3,-3.91,-3.91,89,100,3.38,RU,1617210484
82,Hay River,60.8156,-115.7999,24.8,23.0,68,100,5.75,CA,1617210484
83,Carnarvon,-24.8667,113.6333,78.8,78.8,83,0,9.22,AU,1617210485
84,Chancay,-11.5714,-77.2672,75.2,73.99,64,0,8.05,PE,1617210485
85,Shira,54.4911,89.9531,23.85,23.85,60,64,8.01,RU,1617210486
86,Atar,20.5169,-13.0499,101.12,101.12,9,54,13.69,MR,1617210486
87,Naze,28.3667,129.4833,65.88,65.88,78,100,10.18,JP,1617210487
88,Savinka,50.0785,47.0994,40.68,40.68,58,5,9.42,RU,1617210488
89,Bandarbeyla,9.4942,50.8122,79.12,79.12,64,8,7.0,SO,1617210488
90,Itupiranga,-5.1347,-49.3267,89.6,89.6,70,75,6.91,BR,1617210489
91,Narsaq,60.9167,-46.05,39.2,39.2,75,75,4.61,GL,1617210192
92,Padilla,3.2204,-76.3139,84.2,84.2,61,75,5.75,CO,1617210489
93,Nemuro,43.3236,145.575,36.59,36.59,85,100,12.15,JP,1617210490
94,Saskylakh,71.9167,114.0833,-32.21,-32.21,100,99,7.16,RU,1617210491
95,Kayes,14.0,-11.0,105.33,105.33,4,39,3.42,ML,1617210491
96,Erenhot,43.6475,111.9767,42.82,42.82,46,100,9.86,CN,1617210492
97,São João Batista,-27.2761,-48.8494,81.0,78.01,54,2,1.99,BR,1617210492
98,Aldan,58.6031,125.3894,23.11,23.11,95,100,10.56,RU,1617210493
99,Ulaangom,49.9811,92.0667,28.06,28.06,45,91,0.51,MN,1617210493
100,Wanning,18.8003,110.3967,74.79,74.79,96,12,8.5,CN,1617210494
101,Kaitangata,-46.2817,169.8464,44.01,44.01,86,30,3.0,NZ,1617210494
102,Brae,60.3964,-1.353,39.2,39.2,75,75,8.05,GB,1617210495
103,Nanortalik,60.1432,-45.2371,31.95,31.95,92,92,7.99,GL,1617210495
104,Kloulklubed,7.0419,134.2556,77.0,77.0,94,75,5.75,PW,1617210496
105,Houma,29.5958,-90.7195,82.99,80.6,74,75,9.22,US,1617210497
106,Yulara,-25.2406,130.9889,64.4,64.4,36,0,6.91,AU,1617210498
107,Warrnambool,-38.3833,142.4833,57.0,57.0,89,71,7.87,AU,1617210498
108,Ahipara,-35.1667,173.1667,60.73,60.73,89,24,8.03,NZ,1617210499
109,Pacific Grove,36.6177,-121.9166,71.6,63.0,33,1,3.44,US,1617210499
110,Vardø,70.3705,31.1107,33.8,33.8,93,75,23.02,NO,1617210500
111,Kaeo,-35.1,173.7833,57.0,57.0,96,6,5.93,NZ,1617210500
112,Saint Paul Harbor,57.79,-152.4072,28.4,28.4,59,75,9.22,US,1617210390
113,Tiznit Province,29.5833,-9.5,71.4,71.4,37,0,13.35,MA,1617210501
114,Takoradze,4.8845,-1.7554,83.1,83.1,73,52,12.24,GH,1617210501
115,Esperance,-33.8667,121.9,64.4,64.4,88,39,11.5,AU,1617210502
116,Gwanda,-20.9333,29.0,68.32,68.32,44,92,6.08,ZW,1617210502
117,Mossamedes,-15.1961,12.1522,75.51,75.51,82,25,8.95,AO,1617210503
118,Lorengau,-2.0226,147.2712,80.17,80.17,79,100,3.11,PG,1617210504
119,Provideniya,64.3833,-173.3,-3.96,-3.96,86,10,5.03,RU,1617210505
120,Sarangani,5.4033,125.4636,81.88,81.88,76,100,8.52,PH,1617210505
121,Ancud,-41.8697,-73.8203,64.99,60.01,77,75,6.91,CL,1617210506
122,Saint-Raymond,45.467,-73.6095,55.0,53.01,58,100,4.61,CA,1617210506
123,Westport,41.1415,-73.3579,60.01,57.0,67,90,4.61,US,1617210507
124,Chokwé,-24.5333,32.9833,76.66,76.66,49,54,6.76,MZ,1617210507
125,Ilulissat,69.2167,-51.1,19.4,19.4,58,40,13.8,GL,1617210508
126,Gawler,-34.6,138.7333,68.0,64.0,38,73,7.0,AU,1617210508
127,Tuatapere,-46.1333,167.6833,39.99,39.99,92,15,1.01,NZ,1617210509
128,Zhangye,38.9342,100.4517,40.33,40.33,73,99,2.1,CN,1617210509
129,Sebastian,35.1668,-94.2669,55.4,55.4,38,1,12.66,US,1617210510
130,Barrow,71.2906,-156.7887,-9.4,-9.4,64,75,21.85,US,1617210510
131,Rawson,-43.3002,-65.1023,60.19,60.19,86,100,22.77,AR,1617210511
132,Bud,39.447,-86.1758,48.0,45.0,46,17,14.74,US,1617210511
133,Kalas,18.1667,74.8,84.36,84.36,30,34,16.53,IN,1617210512
134,Duma,34.7653,108.135,51.8,51.8,93,90,8.95,CN,1617210512
135,East London,-33.0153,27.9116,64.4,64.4,82,20,10.36,ZA,1617210299
136,Alice Springs,-23.7,133.8833,55.4,55.4,71,0,1.14,AU,1617210513
137,Strezhevoy,60.7333,77.5889,21.2,21.2,73,0,11.18,RU,1617210514
138,Lagoa,39.05,-27.9833,58.39,58.39,79,91,9.66,PT,1617210514
139,Klaksvík,62.2266,-6.589,39.2,39.2,70,75,18.41,FO,1617210515
140,Auki,-8.7676,160.7034,77.27,77.27,85,99,2.21,SB,1617210515
141,Chui,-33.6971,-53.4616,71.56,71.56,55,26,11.41,UY,1617210516
142,Thompson,55.7435,-97.8558,12.2,12.2,44,20,9.22,CA,1617210516
143,Pevek,69.7008,170.3133,-18.06,-18.06,96,77,1.25,RU,1617210517
144,Richards Bay,-28.783,32.0377,73.78,73.78,85,0,6.44,ZA,1617210517
145,Vendychany,48.6118,27.7932,46.06,46.06,76,100,4.45,UA,1617210518
146,Luwuk,-0.9516,122.7875,79.23,79.23,82,86,3.24,ID,1617210518
147,Mahibadhoo,3.7833,72.9667,83.59,83.59,76,86,13.33,MV,1617210519
148,Avarua,-21.2078,-159.775,77.0,77.0,83,20,4.61,CK,1617210519
149,Lompoc,34.6391,-120.4579,72.0,62.6,34,0,5.75,US,1617210520
150,Arraial do Cabo,-22.9661,-42.0278,82.4,82.4,65,0,14.97,BR,1617210520
151,Dalbandin,28.8947,64.4101,68.16,68.16,8,0,4.34,PK,1617210521
152,San Patricio,28.017,-97.5169,82.4,78.8,69,75,9.22,US,1617210521
153,Lianzhou,24.7811,112.3825,72.48,72.48,88,2,3.8,CN,1617210522
154,Ürümqi,43.801,87.6005,41.0,41.0,75,0,6.71,CN,1617210439
155,Lincoln,40.8,-96.667,45.0,42.01,21,1,21.85,US,1617210483
156,Svetlograd,45.3353,42.8547,41.0,41.0,81,0,11.18,RU,1617210523
157,Godim,41.171,-7.803,82.0,82.0,34,75,10.36,PT,1617210524
158,Padang,-0.9492,100.3543,75.2,75.2,88,40,3.44,ID,1617210524
159,Tromsø,69.6496,18.957,37.4,34.0,70,75,11.5,NO,1617210372
160,Hualmay,-11.0964,-77.6139,74.05,74.05,74,57,10.02,PE,1617210525
161,Hermanus,-34.4187,19.2345,61.0,61.0,90,100,5.88,ZA,1617210525
162,Codrington,-38.2667,141.9667,59.95,59.95,66,79,6.64,AU,1617210526
163,Papara,-3.9839,-38.7273,82.4,80.01,83,75,6.91,BR,1617210526
164,Ambilobe,-13.2,49.05,76.01,76.01,93,86,3.6,MG,1617210527
165,Deputatsky,69.3,139.9,-13.9,-13.9,94,49,3.4,RU,1617210527
166,Mount Isa,-20.7333,139.5,73.4,73.4,38,0,6.91,AU,1617210528
167,Penukonda,14.0833,77.5833,85.78,85.78,13,19,2.59,IN,1617210528
168,Opuwo,-18.0607,13.84,70.68,70.68,70,56,10.45,NA,1617210529
169,Ostrovnoy,68.0531,39.5131,25.61,25.61,96,97,4.43,RU,1617210529
170,Powell,40.1578,-83.0752,48.99,46.4,53,1,12.66,US,1617210530
171,Hervey Bay,-25.2986,152.8535,68.0,66.2,82,40,9.22,AU,1617210530
172,Katsuura,35.1333,140.3,60.01,55.0,73,83,1.01,JP,1617210531
173,Kununurra,-15.7667,128.7333,80.6,80.6,78,75,4.61,AU,1617210531
174,Jalu,29.0331,21.5482,64.31,64.31,23,4,10.96,LY,1617210532
175,Haines Junction,60.7522,-137.5108,26.6,26.6,86,89,2.3,CA,1617210532
176,Broken Hill,-31.95,141.4333,64.4,64.4,32,0,5.75,AU,1617210533
177,Skibbereen,51.55,-9.2667,55.4,55.4,71,40,9.22,IE,1617210533
178,Sangīn,32.0728,64.8359,66.78,66.78,13,0,6.58,AF,1617210534
179,Ukiah,39.1502,-123.2078,60.01,57.2,41,1,2.57,US,1617210534
180,Talaya,61.3833,152.75,11.14,11.14,96,100,3.44,RU,1617210535
181,Talnakh,69.4865,88.3972,-21.75,-21.75,83,5,3.62,RU,1617210535
182,São Filipe,14.8961,-24.4956,72.25,72.25,72,42,13.56,CV,1617210536
183,Shamkhal,43.0596,47.3373,42.8,42.01,100,20,6.71,RU,1617210536
184,Fortuna,40.5982,-124.1573,63.0,53.6,62,1,6.91,US,1617210537
185,Ambovombe,-25.1667,46.0833,70.9,70.9,69,24,11.54,MG,1617210437
186,Lufilufi,-13.8745,-171.5986,75.2,75.2,94,20,3.44,WS,1617210538
187,Kiunga,-6.1219,141.2906,73.65,73.65,99,100,4.07,PG,1617210538
188,Khani,41.9563,42.9566,59.0,59.0,38,0,26.46,GE,1617210539
189,San Cristobal,7.7669,-72.225,80.6,80.6,78,75,5.75,VE,1617210358
190,Whyalla,-33.0333,137.5833,57.2,57.2,77,6,5.75,AU,1617210540
191,Shingū,33.7333,135.9833,54.55,54.55,81,100,4.43,JP,1617210540
192,Bengkulu,-3.8004,102.2655,77.27,77.27,78,99,17.56,ID,1617210541
193,Castrillón,43.3979,-6.7922,73.4,73.4,38,0,6.91,ES,1617210541
194,Kapaa,22.0752,-159.319,75.2,68.0,73,75,8.05,US,1617210542
195,Leshukonskoye,64.8989,45.7622,31.82,31.82,90,100,8.68,RU,1617210542
196,Itoman,26.1247,127.6694,73.4,73.0,94,75,11.5,JP,1617210543
197,Araouane,18.9048,-3.5265,96.51,96.51,5,1,7.76,ML,1617210543
198,Port Elizabeth,-33.918,25.5701,64.4,64.4,88,75,18.41,ZA,1617210544
199,Abay,49.6311,72.8539,15.8,15.8,86,0,8.95,KZ,1617210544
200,Anadyr,64.75,177.4833,-11.0,-11.2,84,0,4.47,RU,1617210545
201,Urengoy,65.9667,78.3667,-14.15,-14.15,95,21,8.57,RU,1617210545
202,Sørland,67.667,12.6934,41.0,41.0,81,40,18.41,NO,1617210546
203,Miandrivazo,-19.5167,45.4667,78.71,78.71,68,16,1.9,MG,1617210547
204,Bullhead City,35.1478,-114.5683,68.0,64.0,11,1,33.38,US,1617210547
205,Lexington,37.9887,-84.4777,48.99,46.4,61,90,11.5,US,1617210411
206,Castro,-24.7911,-50.0119,70.16,70.16,52,0,7.0,BR,1617210548
207,Dehui,44.5333,125.7,39.2,39.2,60,0,2.24,CN,1617210549
208,Balikpapan,-1.2675,116.8289,75.79,75.79,90,89,3.29,ID,1617210549
209,Rio Grande,-32.035,-52.0986,77.0,77.0,53,40,13.8,BR,1617210482
210,Linjiang,41.8069,126.9078,44.19,44.19,50,5,2.24,CN,1617210550
211,Wilson,36.1501,-86.2833,50.0,46.99,50,75,10.36,US,1617210365
212,Uvat,59.1433,68.8953,32.67,32.67,81,89,14.34,RU,1617210551
213,Río Gallegos,-51.6226,-69.2181,57.2,57.2,35,0,14.97,AR,1617210551
214,Nānākuli,21.3906,-158.1547,71.01,62.6,78,1,4.61,US,1617210552
215,Le Port,-20.9373,55.2919,77.0,66.99,83,75,4.61,RE,1617210552
216,Bethel,41.3712,-73.414,59.0,57.0,81,100,1.99,US,1617210553
217,Upernavik,72.7868,-56.1549,0.82,0.82,68,66,20.18,GL,1617210553
218,Camacha,33.0833,-16.3333,64.4,64.4,72,40,17.27,PT,1617210554
219,Bilma,18.6853,12.9164,80.6,80.6,8,0,4.99,NE,1617210554
220,Fraserburgh,57.6874,-2.0184,42.01,42.01,74,100,15.19,GB,1617210555
221,Dikson,73.5069,80.5464,-24.21,-24.21,93,38,5.23,RU,1617210555
222,Āstāneh-ye Ashrafīyeh,37.2596,49.9444,51.8,51.8,76,90,1.03,IR,1617210556
223,Khatanga,71.9667,102.5,-39.6,-39.6,100,30,0.69,RU,1617210556
224,Itarema,-2.9248,-39.9167,83.61,83.61,73,93,11.39,BR,1617210557
225,Sorong,-0.8833,131.25,81.61,81.61,79,94,8.05,ID,1617210557
226,Isparta Province,38.0,31.0,44.6,44.6,76,75,12.66,TR,1617210558
227,New Norfolk,-42.7826,147.0587,63.0,55.99,69,94,3.94,AU,1617210558
228,Tura,25.5198,90.2201,70.52,70.52,89,1,6.67,IN,1617210559
229,Mizdah,31.4451,12.9801,68.4,68.4,21,100,2.24,LY,1617210559
230,Port Augusta,-32.5,137.7667,57.2,57.2,77,0,5.75,AU,1617210560
231,Sikasso,10.9167,-7.0,101.7,101.7,9,14,5.73,ML,1617210560
232,Hirara,24.8,125.2833,76.32,76.32,84,94,7.31,JP,1617210561
233,Fairbanks,64.8378,-147.7164,23.0,17.6,86,40,4.61,US,1617210462
234,Grand Gaube,-20.0064,57.6608,78.01,78.01,86,15,3.0,MU,1617210562
235,Marzuq,14.4,46.4667,72.36,72.36,25,66,8.03,YE,1617210562
236,Kahului,20.8947,-156.47,69.01,66.0,100,20,7.16,US,1617210563
237,Lázaro Cárdenas,17.9583,-102.2,85.28,85.28,45,95,5.97,MX,1617210563
238,Shūshtar,32.0455,48.8567,85.6,85.6,14,94,2.39,IR,1617210563
239,Saint George,37.1041,-113.5841,55.99,48.2,17,1,3.44,US,1617210564
240,Huambo,-12.7761,15.7392,63.32,63.32,79,61,3.56,AO,1617210564
241,Concordia,-31.393,-58.0209,75.2,75.0,53,75,11.5,AR,1617210565
242,Kalmunai,7.4167,81.8167,80.56,80.56,83,97,9.75,LK,1617210565
243,Cabo San Lucas,22.8909,-109.9124,89.6,82.4,32,40,1.99,MX,1617210447
244,Fenoarivo,-18.933,47.4354,68.0,68.0,83,20,11.5,MG,1617210566
245,Lüderitz,-26.6481,15.1594,69.53,69.53,58,0,17.02,NA,1617210567
246,Ganzhou,28.8184,115.4327,67.19,67.19,97,99,5.21,CN,1617210567
247,Key Largo,25.0865,-80.4473,84.99,79.0,69,8,17.2,US,1617210562
248,Sikonge,-5.6333,32.7667,73.4,73.4,73,75,5.75,TZ,1617210568
249,Flagstaff,35.1981,-111.6513,44.01,41.0,17,1,20.71,US,1617210386
250,Bairiki Village,1.3292,172.9752,78.8,78.8,94,75,5.75,KI,1617210569
251,Saint-Philippe,-21.3585,55.7679,80.6,66.99,74,49,4.61,RE,1617210569
252,Snåase,64.2457,12.3778,42.8,42.8,70,75,10.36,NO,1617210570
253,Osorno,-40.5667,-73.15,62.6,62.6,77,75,5.75,CL,1617210365
254,Ambon City,-3.6954,128.1814,81.37,81.37,77,73,4.52,ID,1617210571
255,Flin Flon,54.7682,-101.865,10.4,10.4,79,20,8.05,CA,1617210571
256,Kaspiysk,42.8816,47.6392,42.8,42.01,100,20,6.71,RU,1617210572
257,Sungai Penuh,-2.0833,101.3833,62.67,62.67,96,100,2.53,ID,1617210572
258,Zlobin,45.2924,14.6541,69.8,43.0,40,0,6.91,HR,1617210573
259,Yellowknife,62.456,-114.3525,12.0,5.0,72,90,8.05,CA,1617210573
260,Garoowe,8.4054,48.4845,78.8,78.8,29,0,18.05,SO,1617210574
261,Frontera,26.9333,-101.45,81.0,78.8,47,40,6.91,MX,1617210574
262,Puerto Peñasco,31.3167,-113.5333,68.0,68.0,31,46,4.0,MX,1617210575
263,Praia,14.9215,-23.5087,75.2,75.2,57,75,24.16,CV,1617210575
264,Yenagoa,4.9247,6.2642,86.52,86.52,60,64,10.92,NG,1617210576
265,Touros,-5.1989,-35.4608,87.8,87.8,58,40,14.97,BR,1617210561
266,Ankazoabo,-22.2833,44.5167,71.51,71.51,58,0,5.97,MG,1617210577
267,Faya,18.3851,42.4509,69.8,68.0,40,20,6.91,SA,1617210577
268,Tezu,27.9167,96.1667,67.75,67.75,65,86,4.92,IN,1617210578
269,Santa Cruz,30.4202,-9.5982,75.2,75.2,38,1,16.11,MA,1617210578
270,Severo-Kuril'sk,50.6789,156.125,35.01,35.01,98,100,14.7,RU,1617210579
271,Chokurdakh,70.6333,147.9167,-16.78,-16.78,100,76,4.27,RU,1617210579
272,Nelson Bay,-32.7167,152.15,63.0,62.6,100,90,5.75,AU,1617210580
273,Sidi Ali,36.0998,0.4206,71.71,71.71,44,0,12.28,DZ,1617210580
274,Nyrob,60.733,56.7202,33.37,33.37,97,100,10.33,RU,1617210581
275,Kudahuvadhoo,2.6708,72.8944,82.89,82.89,78,98,18.41,MV,1617210581
276,Soyo,-6.1349,12.3689,77.94,77.94,85,100,8.72,AO,1617210582
277,Margate,51.3813,1.3862,66.0,63.0,62,91,7.14,GB,1617210582
278,Kurayoshi,35.4333,133.8167,53.6,53.6,71,75,20.71,JP,1617210583
279,Baruun-Urt,46.6806,113.2792,40.64,40.64,38,100,3.53,MN,1617210583
280,Port Blair,11.6667,92.75,81.19,81.19,75,100,4.92,IN,1617210584
281,North Bend,43.4065,-124.2243,55.0,48.0,62,1,4.61,US,1617210584
282,Bintulu,3.1667,113.0333,77.0,77.0,94,20,4.61,MY,1617210585
283,Faanui,-16.4833,-151.75,81.0,81.0,72,12,2.37,PF,1617210585
284,Shizunai-furukawachō,42.3339,142.3669,39.24,39.24,84,0,12.88,JP,1617210586
285,Badarpur,24.9,92.6,69.42,69.42,91,33,1.12,IN,1617210586
286,Dunedin,-45.8742,170.5036,46.0,46.0,81,32,3.0,NZ,1617210327
287,Mahébourg,-20.4081,57.7,80.6,80.6,83,20,6.11,MU,1617210587
288,Metro,-5.1131,105.3067,74.57,74.57,96,100,3.91,ID,1617210588
289,San Ramon,37.7799,-121.978,64.99,60.01,29,1,5.75,US,1617210291
290,Morón,-34.6534,-58.6198,75.0,71.01,49,0,9.22,AR,1617210588
291,Manzanillo,20.3433,-77.1167,91.87,91.87,34,0,7.36,CU,1617210302
292,‘Āhuimanu,21.4447,-157.8378,71.6,69.01,78,75,4.61,US,1617210589
293,Sungurlu,40.1675,34.3739,44.13,44.13,80,100,9.69,TR,1617210590
294,Kéfalos,36.7453,26.9589,51.8,51.8,62,40,3.44,GR,1617210590
295,Kavieng,-2.5744,150.7967,81.21,81.21,76,99,4.97,PG,1617210591
296,Emerald,-23.5333,148.1667,69.8,66.0,73,5,10.36,AU,1617210592
297,Zhongxing,33.7039,118.6792,48.67,48.67,90,73,12.12,CN,1617210592
298,Sassandra,4.95,-6.0833,83.53,83.53,71,28,9.91,CI,1617210593
299,Nacala,-14.5428,40.6728,75.92,75.92,68,5,9.33,MZ,1617210593
300,Arrondissement de Cognac,45.5,-0.25,77.0,77.0,31,0,6.91,FR,1617210593
301,Homer,59.6425,-151.5483,30.2,24.01,69,75,16.11,US,1617210594
302,Beian,63.6559,9.5683,39.2,39.0,93,75,14.97,NO,1617210594
303,Wenling,28.3669,121.36,64.0,64.0,98,99,4.56,CN,1617210595
304,Shepetivka,50.1855,27.0637,55.11,55.11,75,97,4.88,UA,1617210595
305,Sergeevka,53.88,67.4158,13.89,13.89,91,25,9.46,KZ,1617210596
306,San Quintín,30.4833,-115.95,70.0,70.0,39,29,2.19,MX,1617210596
307,Tagusao,9.1924,117.8141,80.42,80.42,81,37,4.12,PH,1617210597
308,Luena,-11.7833,19.9167,64.6,64.6,92,81,3.47,AO,1617210597
309,Gazli,40.1333,63.45,50.86,50.86,34,25,12.95,UZ,1617210598
310,Crotone,39.0851,17.1178,62.6,62.6,42,0,13.8,IT,1617210599
311,Mount Gambier,-37.8333,140.7667,60.8,60.8,63,80,8.05,AU,1617210599
312,Bambous Virieux,-20.3428,57.7575,80.6,78.01,83,20,6.26,MU,1617210600
313,Alekseyevsk,57.8406,108.3492,24.82,24.82,86,99,12.86,RU,1617210600
314,Saint Anthony,45.0205,-93.218,30.99,28.0,40,40,20.71,US,1617210426
315,Khagaria,25.5,86.4833,80.31,80.31,12,0,3.36,IN,1617210370
316,Albino,45.7638,9.7964,71.6,64.99,37,2,4.61,IT,1617210601
317,Flinders,-34.5833,150.8552,61.0,59.0,84,44,1.01,AU,1617210602
318,Vila do Maio,15.1333,-23.2167,75.2,75.2,57,75,24.16,CV,1617210602
319,Te Anau,-45.4167,167.7167,42.75,42.75,94,18,1.5,NZ,1617210554
320,Zhuanghe,39.7008,122.9911,43.0,43.0,61,57,3.0,CN,1617210603
321,Fort-Shevchenko,44.5086,50.263,48.49,48.49,45,8,14.23,KZ,1617210604
322,Vestmannaeyjar,63.4427,-20.2734,42.8,42.8,70,75,11.5,IS,1617210604
323,Natal,-5.795,-35.2094,87.8,87.8,58,40,14.97,BR,1617210524
324,Clyde River,70.4692,-68.5914,-5.8,-5.8,59,75,13.8,CA,1617210605
325,Lopandino,52.4666,34.8163,40.26,40.26,88,100,13.53,RU,1617210606
326,Port Lincoln,-34.7333,135.8667,67.14,67.14,66,54,7.29,AU,1617210606
327,Uruçuí,-7.2294,-44.5561,84.52,84.52,68,100,4.47,BR,1617210607
328,Aklavik,68.2191,-135.0107,-5.8,-5.8,77,90,8.05,CA,1617210607
329,Hokitika,-42.7167,170.9667,56.39,56.39,75,78,7.4,NZ,1617210608
330,Tacuarembó,-31.7333,-55.9833,73.04,73.04,41,0,6.29,UY,1617210608
331,Alugan,12.2188,125.4808,79.03,79.03,84,67,10.07,PH,1617210609
332,Makakilo City,21.3469,-158.0858,71.6,62.6,78,1,4.61,US,1617210610
333,Labuhan,-6.8844,112.2051,77.65,77.65,92,100,6.29,ID,1617210611
334,Iquitos,-3.7481,-73.2472,86.0,86.0,66,75,6.91,PE,1617210611
335,Naryan-Mar,67.6713,53.087,30.04,30.04,94,97,8.3,RU,1617210612
336,Vila Franca do Campo,37.7167,-25.4333,62.6,62.6,77,20,6.91,PT,1617210612
337,Dalkola,25.85,87.85,76.82,76.82,48,0,8.21,IN,1617210613
338,Lavrentiya,65.5833,-171.0,-12.17,-12.17,87,4,6.78,RU,1617210613
339,Christchurch,-43.5333,172.6333,55.99,53.01,76,75,10.36,NZ,1617210614
340,Half Moon Bay,37.4636,-122.4286,66.99,62.6,34,1,7.07,US,1617210614
341,College,64.8569,-147.8028,23.0,17.6,86,75,1.5,US,1617210615
342,Voi,-3.3945,38.563,78.44,78.44,67,72,10.83,KE,1617210615
343,Cockburn Town,21.4612,-71.1419,77.49,77.49,78,1,24.23,TC,1617210616
344,Harper,4.375,-7.7169,83.12,83.12,73,52,9.28,LR,1617210616
345,Zlynka,52.4267,31.7378,52.0,51.01,87,75,8.95,RU,1617210617
346,Seoul,37.5683,126.9778,50.0,46.4,76,0,3.44,KR,1617210433
347,Bahía Honda,22.9036,-83.1592,85.57,85.57,56,12,7.92,CU,1617210618
348,Beyneu,45.3167,55.2,44.33,44.33,35,10,9.28,KZ,1617210618
349,Vao,-22.6667,167.4833,76.1,76.1,76,100,17.9,NC,1617210619
350,Leh,34.1667,77.5833,31.86,31.86,40,84,5.88,IN,1617210368
351,Ketchikan,55.3422,-131.6461,37.4,37.4,93,90,19.57,US,1617210491
352,Letovice,49.5471,16.5736,69.8,64.0,37,0,4.61,CZ,1617210620
353,Kruisfontein,-34.0033,24.7314,66.99,66.99,80,82,4.0,ZA,1617210621
354,Guerrero Negro,27.9769,-114.0611,73.6,73.6,30,44,3.44,MX,1617210621
355,Shalinskoye,55.7228,93.7594,20.8,20.8,84,99,13.65,RU,1617210622
356,Talcahuano,-36.7167,-73.1167,64.4,64.4,68,0,5.75,CL,1617210622
357,Luziânia,-16.2525,-47.9503,84.2,84.2,42,75,4.61,BR,1617210623
358,Atbasar,51.8,68.3333,3.45,3.45,99,7,2.06,KZ,1617210624
359,Salalah,17.0151,54.0924,87.8,87.8,45,0,4.61,OM,1617210624
360,Abonnema,4.7084,6.7931,91.4,91.4,66,75,8.05,NG,1617210625
361,Prunişor,44.6094,22.9153,52.27,52.27,60,30,6.6,RO,1617210625
362,Alta Floresta,-9.8756,-56.0861,82.99,82.99,75,58,2.33,BR,1617210626
363,Betioky,-23.7167,44.3833,72.86,72.86,52,0,13.06,MG,1617210626
364,Constitución,-35.3333,-72.4167,67.19,67.19,61,77,7.61,CL,1617210627
365,Hasaki,35.7333,140.8333,57.2,54.0,77,75,1.14,JP,1617210627
366,Praia da Vitória,38.7333,-27.0667,63.0,62.6,77,20,2.59,PT,1617210628
367,Khangarh,29.9173,71.1618,80.6,80.6,41,0,3.36,PK,1617210628
368,Coquimbo,-29.9533,-71.3436,64.4,64.4,68,20,13.8,CL,1617210629
369,Ulladulla,-35.35,150.4667,59.0,43.0,88,56,9.22,AU,1617210629
370,Katangli,51.7102,143.2326,18.66,18.66,98,83,5.77,RU,1617210630
371,Vieste,41.8825,16.175,64.4,64.4,52,20,6.91,IT,1617210630
372,Zeulenroda,50.65,11.9833,68.0,62.01,37,0,3.44,DE,1617210631
373,Rize,40.9044,40.8949,30.42,30.42,79,68,6.53,TR,1617210631
374,Bontang,0.1333,117.5,77.61,77.61,89,85,5.14,ID,1617210602
375,Hofn,64.2539,-15.2082,41.0,41.0,56,0,8.05,IS,1617210632
376,Makhu,31.1033,74.9978,66.81,66.81,9,0,7.9,IN,1617210632
377,Prince Rupert,54.3161,-130.3201,41.0,39.2,87,90,10.36,CA,1617210432
378,Okha,53.5739,142.9478,21.56,21.56,93,84,8.1,RU,1617210633
379,Ozernovskiy,51.5,156.5167,36.18,36.18,93,100,6.96,RU,1617210634
380,Tegul'det,57.3064,88.1667,5.45,5.45,97,89,0.27,RU,1617210634
381,Isla Mujeres,21.2311,-86.731,86.0,81.0,58,20,13.8,MX,1617210635
382,Santana do Livramento,-30.8908,-55.5328,72.66,72.66,47,0,6.49,BR,1617210557
383,Afyonkarahisar,38.75,30.6667,38.68,38.68,94,99,5.39,TR,1617210616
384,Nha Trang,12.25,109.1833,80.6,80.6,78,20,4.61,VN,1617210636
385,San Antonio,29.4241,-98.4936,68.0,66.0,45,90,21.85,US,1617210472
386,Avilés,43.5547,-5.9248,73.4,69.01,38,0,6.91,ES,1617210636
387,Ellenabad,29.45,74.65,74.52,74.52,7,0,8.03,IN,1617210376
388,Wahiawā,21.5028,-158.0236,71.01,62.6,94,1,3.15,US,1617210637
389,Seddon,-37.8068,144.8916,57.0,53.6,88,53,3.44,AU,1617210638
390,Swellendam,-34.0226,20.4417,64.4,64.4,72,93,10.36,ZA,1617210638
391,Teguise,29.0605,-13.564,77.0,77.0,50,20,18.41,ES,1617210639
392,Capitão Poço,-1.7464,-47.0594,82.62,82.62,82,88,5.79,BR,1617210639
393,Bilibino,68.0546,166.4372,-1.71,-1.71,89,100,3.62,RU,1617210640
394,Yanji,42.9075,129.5078,43.52,43.52,65,16,2.04,CN,1617210640
395,Saint-Paul,-21.0096,55.2707,77.0,66.99,83,75,4.61,RE,1617210641
396,Shimoda,34.6667,138.95,61.0,53.01,73,94,1.01,JP,1617210641
397,Shache,38.4167,77.2406,51.82,51.82,19,1,5.91,CN,1617210642
398,Nanchong,30.7951,106.0847,64.74,64.74,67,96,12.46,CN,1617210642
399,Smolenka,52.1352,113.4974,24.8,24.8,58,18,2.24,RU,1617210643
400,Makkah al Mukarramah,21.4267,39.8261,80.42,80.42,48,2,7.11,SA,1617210643
401,Ondangwa,-17.9167,15.95,72.37,72.37,62,86,10.42,NA,1617210644
402,Mariāni,26.6667,94.3333,67.55,67.55,86,72,7.25,IN,1617210644
403,Mollendo,-17.0231,-72.0147,72.91,72.91,72,87,9.64,PE,1617210645
404,Husavik,66.0449,-17.3389,41.0,41.0,45,20,18.41,IS,1617210645
405,Vostok,46.4856,135.8833,25.21,25.21,93,90,3.78,RU,1617210646
406,Longyearbyen,78.2186,15.6401,28.4,28.4,64,75,6.91,SJ,1617210646
407,Dakar,14.6937,-17.4441,71.6,71.6,73,0,18.41,SN,1617210573
408,Albufeira,37.0882,-8.2503,66.2,66.2,72,0,16.11,PT,1617210647
409,Nome,64.5011,-165.4064,-9.4,-18.0,84,1,6.53,US,1617210555
410,Vila Velha,-20.3297,-40.2925,80.6,80.6,89,75,9.22,BR,1617210477
411,Baker City,44.7749,-117.8344,44.6,37.0,33,1,8.05,US,1617210648
412,Black River,18.0264,-77.8487,82.4,82.0,74,40,19.57,JM,1617210649
413,Arrondissement de Lannion,48.75,-3.4167,64.4,62.6,51,0,8.05,FR,1617210649
414,Stuhr,53.0333,8.75,70.0,69.01,37,0,5.75,DE,1617210650
415,Champasak,14.75,106.0,82.63,82.63,48,64,1.66,LA,1617210650
416,Ust-Maya,60.4167,134.5333,-2.24,-2.24,99,77,1.59,RU,1617210651
417,Altay,47.8667,88.1167,22.57,22.57,60,7,7.4,CN,1617210651
418,Korla,41.7597,86.1469,45.46,45.46,63,22,3.56,CN,1617210651
419,Honiara,-9.4333,159.95,77.74,77.74,86,100,3.0,SB,1617210652
420,Talara,-4.5772,-81.2719,89.6,89.6,45,20,11.5,PE,1617210652
421,Tineo,43.3376,-6.4145,73.4,73.4,38,0,6.91,ES,1617210653
422,Pargas,60.3067,22.301,39.2,37.0,65,0,8.05,FI,1617210653
423,Deyang,31.1302,104.382,62.01,62.01,1,99,7.27,CN,1617210654
424,Quatre Cocos,-20.2078,57.7625,80.6,78.01,83,20,6.67,MU,1617210655
425,Vytegra,61.0064,36.4481,34.65,34.65,93,100,9.89,RU,1617210656
426,Umluj,25.0213,37.2685,71.76,71.76,54,2,12.35,SA,1617210656
427,Ābādān,30.3392,48.3043,82.4,82.4,18,20,6.91,IR,1617210657
428,Lachi,33.3833,71.3386,80.6,80.6,8,0,36.82,PK,1617210657
429,Lashio,22.9333,97.75,70.02,70.02,32,48,2.08,MM,1617210658
430,Bo Rai,12.5728,102.5371,82.99,82.99,99,27,3.29,TH,1617210658
431,Shihezi,44.3,86.0333,40.35,40.35,75,100,3.44,CN,1617210366
432,Namtsy,62.7161,129.6658,14.0,14.0,79,0,6.51,RU,1617210659
433,Tamworth,52.634,-1.6959,70.0,68.0,46,0,4.61,GB,1617210660
434,Kargasok,59.0556,80.8572,18.68,18.68,95,99,8.46,RU,1617210660
435,Katherine,-14.4667,132.2667,75.2,75.2,78,96,6.91,AU,1617210661
436,Malaya Vishera,58.8454,32.2222,37.51,37.51,85,100,8.5,RU,1617210661
437,Solnechnyy,50.7214,136.6319,23.09,23.09,93,49,3.38,RU,1617210662
438,Bumba,2.1833,22.4667,80.49,80.49,63,58,4.63,CD,1617210662
439,San Carlos del Zulia,9.0,-71.9135,86.22,86.22,65,98,2.73,VE,1617210661
440,Launceston,-41.45,147.1667,53.01,51.8,100,22,5.75,AU,1617210377
441,Cortes,41.9395,-1.4396,75.2,73.4,21,3,19.57,ES,1617210663
442,Felanitx,39.4696,3.1483,69.8,64.99,35,0,10.36,ES,1617210664
443,Melville,40.7934,-73.4151,60.8,54.0,63,90,20.71,US,1617210664
444,Inta,66.0317,60.1659,28.42,28.42,84,100,11.48,RU,1617210665
445,Aswān,24.0934,32.907,71.33,71.33,16,0,10.92,EG,1617210666
446,Pimentel,-6.8367,-79.9342,84.2,73.99,51,0,9.22,PE,1617210666
447,Aksarka,66.5606,67.7975,19.18,19.18,92,100,18.19,RU,1617210667
448,Eldorado,-23.7869,-54.2836,77.9,77.9,46,2,7.23,BR,1617210667
449,Grand-Santi,4.25,-54.3833,83.39,83.39,65,97,2.35,GF,1617210668
450,Imphal,24.8167,93.95,61.65,61.65,88,51,1.9,IN,1617210669
451,Khāsh,28.2211,61.2158,62.26,62.26,13,0,7.96,IR,1617210669
452,Biak,-0.9131,122.8766,78.01,78.01,80,88,3.22,ID,1617210670
453,Mikhaylovka,50.06,43.2379,42.01,42.01,79,5,5.01,RU,1617210670
454,Santa Maria da Vitória,-13.3947,-44.1886,101.19,101.19,20,8,1.86,BR,1617210671
455,Savyntsi,49.4026,37.0627,46.51,46.51,59,28,3.74,UA,1617210671
456,Svetlaya,46.5389,138.3297,32.74,32.74,87,66,5.77,RU,1617210672
457,Srikakulam,18.3,83.9,81.3,81.3,86,5,9.71,IN,1617210672
458,Khandyga,62.6667,135.6,-2.69,-2.69,99,80,3.83,RU,1617210673
459,Havre-St-Pierre,50.2334,-63.5986,35.6,35.6,80,1,14.97,CA,1617210673
460,Kutum,14.2,24.6667,77.34,77.34,12,62,8.21,SD,1617210674
461,Safi,32.2994,-9.2372,65.82,65.82,64,6,8.93,MA,1617210674
462,Paka,4.6374,103.4368,78.8,78.01,94,96,2.3,MY,1617210487
463,São João da Barra,-21.6403,-41.0511,86.0,86.0,62,0,9.22,BR,1617210675
464,Abadan,38.0507,58.2056,60.8,60.8,36,75,4.61,TM,1617210675
465,Banda Aceh,5.5577,95.3222,79.38,79.38,75,100,17.27,ID,1617210676
466,Mezhdurechensk,53.6942,88.0603,20.05,20.05,97,100,3.4,RU,1617210676
467,Bolshaya Glushitsa,50.2406,43.5908,42.01,42.01,79,10,5.01,RU,1617210677
468,Bamnet Narong,15.4992,101.6897,83.32,83.32,57,10,15.39,TH,1617210677
469,Poum,-20.2333,164.0167,78.46,78.46,78,100,13.62,NC,1617210678
470,Byumba,-1.5763,30.0675,54.14,54.14,93,62,1.59,RW,1617210678
471,Malanje,-9.5402,16.341,71.04,71.04,70,23,3.78,AO,1617210679
472,Centralia,46.7162,-122.9543,46.0,37.4,100,1,3.44,US,1617210679
473,Cabatuan,10.8794,122.486,77.31,77.31,84,72,8.93,PH,1617210680
474,Gonzalez,30.5816,-87.2914,82.0,78.8,78,90,13.8,US,1617210680
475,Walvis Bay,-22.9575,14.5053,78.8,78.8,47,27,14.97,NA,1617210681
476,Damphu,27.0721,90.1096,59.5,59.5,73,47,5.66,BT,1617210681
477,Port Hardy,50.6996,-127.4199,42.8,41.0,93,75,7.92,CA,1617210682
478,Orán,-23.1322,-64.326,73.99,73.99,78,100,1.34,AR,1617210682
479,Kavaratti,10.5669,72.642,84.18,84.18,75,5,15.03,IN,1617210683
480,Sittwe,20.15,92.9,79.57,79.57,86,9,10.58,MM,1617210683
481,Baykit,61.67,96.37,-7.62,-7.62,99,70,3.27,RU,1617210684
482,La Baule-Escoublac,47.2922,-2.364,69.8,66.0,56,0,3.44,FR,1617210684
483,Muzhi,65.3667,64.6667,31.06,31.06,98,100,9.24,RU,1617210685
484,Portland,45.5234,-122.6762,51.01,45.0,69,30,1.99,US,1617210060
485,Beringovskiy,63.05,179.3167,-0.27,-0.27,95,100,3.13,RU,1617210686
486,Zhigansk,66.7697,123.3711,13.44,13.44,91,100,8.16,RU,1617210686
487,Yerbogachën,61.2767,108.0108,8.1,8.1,97,100,1.79,RU,1617210687
488,Jinji,23.2281,110.8261,75.65,75.65,75,3,2.01,CN,1617210687
489,Nova Viçosa,-17.8919,-39.3719,89.22,89.22,54,2,12.21,BR,1617210688
490,Ternate,0.8,127.4,81.41,81.41,81,87,6.6,ID,1617210689
491,Montevideo,-34.8335,-56.1674,73.4,71.6,53,40,11.5,UY,1617210689
492,Shaunavon,49.6501,-108.4181,30.2,30.2,64,25,9.22,CA,1617210690
493,Kalāleh,37.3807,55.4916,55.4,55.4,76,90,6.91,IR,1617210690
494,Conselheiro Pena,-19.1722,-41.4722,90.19,90.19,52,2,4.23,BR,1617210691
495,Aksha,50.2814,113.2867,31.51,31.51,64,100,3.89,RU,1617210691
496,Miles City,46.4083,-105.8406,42.8,42.8,33,1,14.97,US,1617210691
497,Ust-Nera,64.5667,143.2,-6.59,-6.59,99,57,1.39,RU,1617210692
498,Hambantota,6.1241,81.1185,81.77,81.77,80,97,12.95,LK,1617210692
499,Kadyy,57.787,43.1903,34.74,34.74,99,100,8.57,RU,1617210693
500,Qadirpur Ran,30.2924,71.6712,80.6,80.6,41,0,1.21,PK,1617210693
501,Tulum,20.2167,-87.4667,87.8,86.0,55,75,5.75,MX,1617210694
502,Caravelas,-17.7125,-39.2481,88.93,88.93,52,1,13.11,BR,1617210695
503,Nova Borova,50.693,28.6345,55.02,55.02,79,97,6.82,UA,1617210695
504,Kathmandu,27.7167,85.3167,59.0,59.0,100,90,2.3,NP,1617210546
505,Kapit,2.0167,112.9333,72.68,72.68,99,29,1.23,MY,1617210696
506,Yantal',56.8471,105.2542,25.48,25.48,87,85,11.72,RU,1617210696
507,Khovd,48.0056,91.6419,30.9,30.9,44,96,0.94,MN,1617210697
508,Cayenne,4.9333,-52.3333,86.0,84.0,66,75,13.8,GF,1617210697
509,Bathsheba,13.2167,-59.5167,84.2,84.2,51,40,24.16,BB,1617210698
510,Colwyn Bay,53.2948,-3.7267,53.01,53.01,86,88,1.99,GB,1617210698
511,Tabou,4.423,-7.3528,82.92,82.92,73,41,10.27,CI,1617210699
512,Phonhong,18.5007,102.4166,80.37,80.37,42,46,3.0,LA,1617210699
513,Araceli,10.5529,119.9913,81.54,81.54,78,86,11.21,PH,1617210700
514,Marabu,4.4148,114.0089,77.0,77.0,94,40,2.3,MY,1617210700
515,Ashland,40.8167,-82.2665,48.2,46.0,57,20,8.05,US,1617210701
516,Aras,42.5617,-2.356,73.0,71.6,23,0,16.11,ES,1617210701
517,Laas,46.6166,10.7002,75.2,51.8,43,0,3.44,IT,1617210701
518,Soverato Marina,38.685,16.5499,62.6,55.99,88,40,5.75,IT,1617210702
519,Tautira,-17.7333,-149.15,80.6,77.0,74,20,3.44,PF,1617210702
520,Kenai,60.5544,-151.2583,21.99,10.4,85,40,3.44,US,1617210703
521,Wejherowo,54.6057,18.2356,60.8,60.8,25,0,9.22,PL,1617210704
522,Wanaka,-44.7,169.15,47.07,47.07,89,74,2.15,NZ,1617210704
523,Lluta,-16.0147,-72.0142,69.8,69.8,43,20,12.66,PE,1617210705
524,Port Keats,-14.25,129.55,79.3,79.3,69,100,9.17,AU,1617210705
525,Edson,53.5835,-116.4356,41.0,39.2,42,1,6.91,CA,1617210706
526,Breves,-1.6822,-50.4803,85.17,85.17,72,67,2.35,BR,1617210678
527,Itaueira,-7.6033,-43.0256,88.79,88.79,52,99,3.56,BR,1617210706
528,Timrå,62.487,17.3257,44.6,44.6,45,0,10.36,SE,1617210707
529,Poyarkovo,49.6,128.6833,36.34,36.34,55,2,5.28,RU,1617210707
530,Ayan,56.45,138.1667,15.4,15.4,80,5,8.93,RU,1617210708
531,Tilichiki,60.4667,166.1,19.02,19.02,96,100,0.94,RU,1617210708
532,Jaguarão,-32.5661,-53.3758,74.73,74.73,50,20,8.52,BR,1617210708
533,Turaif,31.6725,38.6637,62.6,62.6,34,0,18.41,SA,1617210709
534,Eureka,40.8021,-124.1637,64.4,53.6,34,1,3.44,US,1617210709
535,Noumea,-22.2763,166.4572,80.01,71.6,78,0,2.3,NC,1617210710
536,Platýkampos,39.6167,22.5333,53.01,51.8,54,0,11.5,GR,1617210710
537,Datong,40.0936,113.2914,53.17,53.17,40,100,8.93,CN,1617210711
538,Sibuco,7.2911,122.0656,78.03,78.03,88,100,1.7,PH,1617210711
539,Marsh Harbour,26.5412,-77.0636,77.63,77.63,71,5,14.74,BS,1617210712
540,Muhos,64.808,25.9931,35.6,35.6,75,0,10.36,FI,1617210712
541,Acajutla,13.5928,-89.8275,86.0,82.99,45,0,4.61,SV,1617210578
542,Ust-Kuyga,70.0167,135.6,-6.12,-6.12,97,100,1.88,RU,1617210713
543,Vieux-Habitants,16.0589,-61.7659,77.0,77.0,88,90,9.22,GP,1617210714
544,São José da Coroa Grande,-8.8978,-35.1478,83.91,83.91,70,84,10.85,BR,1617210714
545,Divnogorsk,55.9594,92.3619,24.8,24.8,68,40,8.95,RU,1617210714
546,Evanston,42.0411,-87.6901,43.0,39.0,38,40,14.97,US,1617210456
547,Huilong,31.8111,121.655,59.0,57.0,99,100,3.0,CN,1617210715
548,Huarmey,-10.0681,-78.1522,74.62,74.62,75,51,10.67,PE,1617210716
549,Morros,-9.4467,-46.3003,85.5,85.5,56,100,2.91,BR,1617210716
550,Agadez,19.75,10.25,79.16,79.16,9,0,7.99,NE,1617210717
551,Shakawe,-18.3667,21.85,72.59,72.59,50,92,4.5,BW,1617210717
552,Dongsheng,39.8161,109.9776,44.31,44.31,79,100,10.98,CN,1617210718
553,Mahenge,-8.6833,36.7167,63.16,63.16,96,47,2.98,TZ,1617210718
554,Kita,13.0349,-9.4895,103.98,103.98,4,92,5.01,ML,1617210719
555,Pak Phanang,8.3511,100.202,80.82,80.82,78,43,5.88,TH,1617210550
